name,template_type,subject,body,is_active,is_default
応募受付完了,application_received,【{{company_name}}】ご応募ありがとうございます,"{{candidate_name}} 様

この度は、{{company_name}}の求人「{{job_title}}」にご応募いただき、
誠にありがとうございます。

ご応募内容を確認の上、書類選考の結果を
1週間以内にご連絡いたします。

ご不明な点がございましたら、お気軽にお問い合わせください。

--
{{company_name}}
採用担当
",TRUE,TRUE
書類選考通過,document_passed,【{{company_name}}】書類選考結果のご連絡,"{{candidate_name}} 様

お世話になっております。
{{company_name}} 採用担当でございます。

この度は「{{job_title}}」にご応募いただき、
誠にありがとうございます。

書類選考の結果、ぜひ次のステップに進んでいただきたく、
面接のご案内をさせていただきます。

■面接候補日時
・第1希望：
・第2希望：
・第3希望：

上記日程でご都合の良い日時をお知らせください。
ご調整が難しい場合は、別途ご相談ください。

何卒よろしくお願いいたします。

--
{{company_name}}
採用担当
",TRUE,TRUE
書類選考不合格,document_rejected,【{{company_name}}】選考結果のご連絡,"{{candidate_name}} 様

お世話になっております。
{{company_name}} 採用担当でございます。

この度は「{{job_title}}」にご応募いただき、
誠にありがとうございました。

慎重に選考させていただきました結果、
誠に残念ながら、今回はご希望に添えない結果となりました。

{{candidate_name}}様の今後のご活躍を心よりお祈り申し上げます。

--
{{company_name}}
採用担当
",TRUE,TRUE
面接日程確定,interview_scheduled,【{{company_name}}】面接日程のご案内,"{{candidate_name}} 様

お世話になっております。
{{company_name}} 採用担当でございます。

面接日程が確定いたしましたのでご連絡いたします。

■面接詳細
・日時：{{interview_date}} {{interview_time}}
・場所：{{interview_location}}
・面接官：{{interviewer_name}}
・所要時間：約{{interview_duration}}分

■当日の持ち物
・履歴書（写真貼付）
・職務経歴書
・筆記用具
・資格証明書のコピー（お持ちの場合）

ご不明な点がございましたら、お気軽にお問い合わせください。
当日お会いできることを楽しみにしております。

--
{{company_name}}
採用担当
",TRUE,TRUE
面接リマインダー,interview_reminder,【リマインド】明日の面接について,"{{candidate_name}} 様

お世話になっております。
{{company_name}} 採用担当でございます。

明日の面接について、リマインドのご連絡です。

■面接詳細
・日時：{{interview_date}} {{interview_time}}
・場所：{{interview_location}}

何かご不明な点や、ご都合が悪くなった場合は、
お早めにご連絡ください。

明日お会いできることを楽しみにしております。

--
{{company_name}}
採用担当
",TRUE,FALSE
内定通知,offer_made,【{{company_name}}】内定のご連絡,"{{candidate_name}} 様

お世話になっております。
{{company_name}} 採用担当でございます。

この度は、弊社の採用選考にご参加いただき、
誠にありがとうございました。

慎重に選考させていただきました結果、
{{candidate_name}}様に内定を出させていただくことになりました。

■内定条件
・職種：{{job_title}}
・雇用形態：{{employment_type}}
・想定年収：{{offer_salary}}万円
・入社予定日：ご相談の上決定

詳細な労働条件は、別途労働条件通知書にてご案内いたします。

内定承諾のご回答を{{offer_deadline}}までにいただければ幸いです。

ご不明な点がございましたら、お気軽にお問い合わせください。
{{candidate_name}}様と一緒に働けることを心より楽しみにしております。

--
{{company_name}}
採用担当
",TRUE,TRUE
内定承諾お礼,offer_accepted,【{{company_name}}】内定承諾ありがとうございます,"{{candidate_name}} 様

お世話になっております。
{{company_name}} 採用担当でございます。

この度は、内定をご承諾いただき誠にありがとうございます。
{{candidate_name}}様と一緒に働けることを、
スタッフ一同心より楽しみにしております。

入社日までの間に、以下の書類をご準備ください。
・雇用契約書（追ってお送りします）
・年金手帳のコピー
・雇用保険被保険者証
・給与振込口座届
・通勤届

入社前にご不明な点がございましたら、
お気軽にお問い合わせください。

今後ともよろしくお願いいたします。

--
{{company_name}}
採用担当
",TRUE,TRUE
不採用通知,rejection,【{{company_name}}】選考結果のご連絡,"{{candidate_name}} 様

お世話になっております。
{{company_name}} 採用担当でございます。

この度は、弊社の採用選考にご参加いただき、
誠にありがとうございました。

慎重に選考させていただきました結果、
誠に残念ながら、今回はご希望に添えない結果となりました。

{{candidate_name}}様の今後のご活躍を心よりお祈り申し上げます。

--
{{company_name}}
採用担当
",TRUE,TRUE
