id,name,name_kana,email,phone,birth_date,gender,postal_code,address,current_company,current_position,years_of_experience,desired_salary_min,desired_salary_max,desired_job_types,skills,qualifications,education,source,status,notes,registered_by_id,created_at,updated_at
c001-0000-0000-0000-000000000001,山田太郎,ヤマダタロウ,yamada.taro@example.com,09012345678,1990-05-15,male,157-0066,東京都世田谷区成城1-2-3,社会福祉法人あおぞら会,介護福祉士,8,350,400,介護福祉士,認知症ケア, ユニットケア, 介護記録,介護福祉士, 認知症ケア実践者研修,専門学校卒（介護福祉士養成課程）,人材紹介会社,active,特養で8年勤務。ユニットリーダー経験あり,,2024-12-01T09:00:00+09:00,2024-12-01T09:00:00+09:00
c002-0000-0000-0000-000000000002,鈴木花子,スズキハナコ,suzuki.hanako@example.com,09023456789,1985-08-22,female,152-0035,東京都目黒区自由が丘2-3-4,医療法人緑風会 緑風病院,看護師（病棟主任）,12,450,500,看護師,急性期看護, 管理職経験, 高齢者医療,正看護師, 認定看護管理者,看護大学卒,人材紹介会社,in_process,急性期病棟で10年、介護施設で2年の経験。管理職希望,,2024-11-15T10:00:00+09:00,2024-12-20T14:00:00+09:00
c003-0000-0000-0000-000000000003,佐藤健一,サトウケンイチ,sato.kenichi@example.com,09034567890,1978-03-10,male,225-0011,神奈川県横浜市青葉区あざみ野3-4-5,株式会社ケアプランニング,主任ケアマネジャー,15,400,450,ケアマネジャー,ケアプラン作成, 医療連携, 地域包括ケア,介護支援専門員, 主任介護支援専門員,大学卒（社会福祉学部）,人材紹介会社,in_process,居宅ケアマネ10年。主任ケアマネ資格保有,,2024-12-10T11:00:00+09:00,2024-12-10T11:00:00+09:00
c004-0000-0000-0000-000000000004,田中美咲,タナカミサキ,tanaka.misaki@example.com,09045678901,1995-11-28,female,160-0023,東京都新宿区西新宿4-5-6,医療法人社団健康会 リハビリ病院,理学療法士,5,380,420,理学療法士,脳卒中リハビリ, 整形疾患リハビリ, 在宅復帰支援,理学療法士,大学卒（理学療法学科）,人材紹介会社,in_process,回復期リハ病棟で5年。在宅復帰支援に意欲的,,2024-12-05T09:30:00+09:00,2024-12-10T15:00:00+09:00
c005-0000-0000-0000-000000000005,伊藤翔太,イトウショウタ,ito.shota@example.com,09056789012,1998-07-03,male,177-0045,東京都練馬区石神井台5-6-7,,アルバイト（飲食店）,0,250,300,介護職員,接客経験, コミュニケーション力,,高校卒,自社採用サイト,new,介護業界未経験だが人と接する仕事に興味。初任者研修受講中,,2024-12-18T14:00:00+09:00,2024-12-18T14:00:00+09:00
c006-0000-0000-0000-000000000006,高橋由美,タカハシユミ,takahashi.yumi@example.com,09067890123,1988-12-05,female,273-0005,千葉県船橋市本町6-7-8,有限会社ホームヘルプさくら,訪問介護員（サービス提供責任者）,10,340,380,サービス提供責任者,訪問介護, ヘルパー指導, シフト管理,介護福祉士, 介護支援専門員,専門学校卒（介護福祉士養成課程）,人材紹介会社,hired,訪問介護歴10年。サ責として5名のヘルパーを指導,,2024-11-01T10:00:00+09:00,2024-12-15T09:00:00+09:00
c007-0000-0000-0000-000000000007,渡辺誠,ワタナベマコト,watanabe.makoto@example.com,09078901234,1982-09-18,male,330-0854,埼玉県さいたま市大宮区7-8-9,社会福祉法人さつき会 特養さつきの里,介護福祉士（フロアリーダー）,12,330,370,介護福祉士,ユニットケア, 新人教育, 夜勤対応,介護福祉士,専門学校卒,自社採用サイト,in_process,ユニットリーダーとして新人教育担当。夜勤も月5回程度対応可,,2024-12-12T13:00:00+09:00,2024-12-12T13:00:00+09:00
c008-0000-0000-0000-000000000008,中村あやか,ナカムラアヤカ,nakamura.ayaka@example.com,09089012345,1992-04-25,female,144-0052,東京都大田区蒲田8-9-10,医療法人社団慈愛会 慈愛クリニック,准看護師,6,320,360,准看護師,外来看護, 採血, 点滴,准看護師,准看護師学校卒,人材紹介会社,in_process,クリニック勤務6年。正看護師資格取得を目指して勉強中,,2024-12-08T10:30:00+09:00,2024-12-12T16:00:00+09:00
c009-0000-0000-0000-000000000009,小林拓也,コバヤシタクヤ,kobayashi.takuya@example.com,09090123456,1993-06-30,male,211-0063,神奈川県川崎市中原区9-10-11,介護老人保健施設グリーンヒル,作業療法士,4,370,410,作業療法士,認知症リハビリ, 在宅復帰支援, IADL訓練,作業療法士,大学卒（作業療法学科）,人材紹介会社,in_process,老健で4年。認知症リハビリと在宅復帰支援が専門,,2024-12-15T11:00:00+09:00,2024-12-15T11:00:00+09:00
c010-0000-0000-0000-000000000010,加藤恵美,カトウエミ,kato.emi@example.com,09001234567,1980-01-20,female,174-0074,東京都板橋区高島平10-11-12,社会福祉法人みどり会 特養みどりの丘,管理栄養士,18,360,400,管理栄養士,献立作成, 嚥下食, NST,管理栄養士,大学卒（栄養学科）,ハローワーク,in_process,特養で15年。嚥下食・ソフト食の調理指導経験豊富,,2024-11-20T09:00:00+09:00,2024-12-18T10:00:00+09:00
c011-0000-0000-0000-000000000011,松本大輔,マツモトダイスケ,matsumoto.daisuke@example.com,09012345670,1987-08-12,male,167-0032,東京都杉並区荻窪1-2-3,株式会社メディカルケア,介護福祉士,9,,,夜勤専従介護スタッフ,夜勤業務, 緊急対応, 介護記録,介護福祉士,専門学校卒,人材紹介会社,in_process,有料老人ホームで9年。夜勤専従希望。Wワーク検討中,,2024-12-01T15:00:00+09:00,2024-12-10T11:00:00+09:00
c012-0000-0000-0000-000000000012,吉田さくら,ヨシダサクラ,yoshida.sakura@example.com,09023456780,1996-02-14,female,154-0024,東京都世田谷区三軒茶屋2-3-4,デイサービスほほえみ,介護職員,3,280,320,介護職員,レクリエーション企画, デイサービス業務,介護福祉士,専門学校卒（介護福祉士養成課程）,人材紹介会社,rejected,デイサービスで3年。レクリエーション企画が得意,,2024-11-25T10:00:00+09:00,2024-12-05T14:00:00+09:00
c013-0000-0000-0000-000000000013,斎藤雄太,サイトウユウタ,saito.yuta@example.com,09034567891,1991-10-08,male,277-0855,千葉県柏市柏3-4-5,医療法人社団清風会 清風病院,看護師,7,420,480,看護師,急性期看護, 療養病棟,正看護師,看護専門学校卒,人材紹介会社,new,急性期病棟5年→療養病棟2年。介護施設への転職希望,,2024-12-20T09:00:00+09:00,2024-12-20T09:00:00+09:00
c014-0000-0000-0000-000000000014,森田真理子,モリタマリコ,morita.mariko@example.com,09045678902,1983-05-22,female,332-0016,埼玉県川口市川口4-5-6,居宅介護支援事業所ケアネット,ケアマネジャー,8,380,420,ケアマネジャー,医療連携, 認定ケアマネ,介護支援専門員, 認定ケアマネジャー,大学卒（社会福祉学部）,人材紹介会社,in_process,居宅ケアマネ8年。認定ケアマネ研修修了。医療連携に強み,,2024-12-03T10:00:00+09:00,2024-12-08T15:00:00+09:00
c015-0000-0000-0000-000000000015,木村健太郎,キムラケンタロウ,kimura.kentaro@example.com,09056789013,1989-11-30,male,222-0033,神奈川県横浜市港北区5-6-7,リハビリテーション病院たちばな,理学療法士（主任）,8,400,450,理学療法士,回復期リハ, 呼吸リハビリ, 後輩指導,理学療法士, 呼吸リハビリ認定士,大学院修了（理学療法学）,人材紹介会社,withdrawn,回復期リハ8年。呼吸リハビリ認定士取得。後輩指導担当,,2024-12-01T11:00:00+09:00,2024-12-10T09:00:00+09:00
c016-0000-0000-0000-000000000016,岡田麻衣,オカダマイ,okada.mai@example.com,09067890124,1997-03-05,female,164-0001,東京都中野区中野6-7-8,株式会社介護サービスセンター,介護職員,2,250,290,介護職員,有料老人ホーム業務,介護職員初任者研修,短大卒,Indeed,new,有料老人ホームで2年。介護福祉士取得予定,,2024-12-22T10:00:00+09:00,2024-12-22T10:00:00+09:00
c017-0000-0000-0000-000000000017,石井大樹,イシイダイキ,ishii.daiki@example.com,09078901235,1994-07-19,male,120-0005,東京都足立区綾瀬7-8-9,グループホームこもれび,介護福祉士,5,310,350,介護福祉士,認知症ケア, グループホーム,介護福祉士, GH管理者研修,専門学校卒,人材紹介会社,in_process,グループホームで5年。認知症ケアが得意。GH管理者研修修了,,2024-12-14T14:00:00+09:00,2024-12-14T14:00:00+09:00
c018-0000-0000-0000-000000000018,清水優子,シミズユウコ,shimizu.yuko@example.com,09089012346,1986-09-28,female,272-0023,千葉県市川市本八幡8-9-10,訪問看護ステーションあさひ,看護師（管理者）,14,480,520,看護師,訪問看護, 管理者経験, 在宅ターミナルケア,正看護師,看護大学卒,人材紹介会社,in_process,訪問看護10年。管理者経験5年。在宅ターミナルケアの経験豊富,,2024-11-28T09:30:00+09:00,2024-12-15T11:00:00+09:00
c019-0000-0000-0000-000000000019,山本拓海,ヤマモトタクミ,yamamoto.takumi@example.com,09090123457,1990-12-15,male,330-0064,埼玉県所沢市所沢9-10-11,介護老人保健施設サンライズ,言語聴覚士,6,380,420,言語聴覚士,摂食嚥下リハビリ, VF検査, VE検査,言語聴覚士,大学卒（言語聴覚学科）,人材紹介会社,new,老健で6年。摂食嚥下リハビリが専門。VF・VE検査実施経験あり,,2024-12-19T10:00:00+09:00,2024-12-19T10:00:00+09:00
c020-0000-0000-0000-000000000020,藤田美穂,フジタミホ,fujita.miho@example.com,09001234568,1999-04-10,female,171-0022,東京都豊島区池袋10-11-12,,大学4年生（福祉学部）,0,260,300,介護職員,デイサービスアルバイト,,大学卒見込み（社会福祉学部）,大学・専門学校,in_process,2025年3月卒業予定。介護福祉士国家試験受験予定。デイサービスでアルバイト経験あり,,2024-12-10T13:00:00+09:00,2024-12-18T16:00:00+09:00
